Shipment ID,Product ID,Quantity Shipped,Destination Store
SHP001,P012,8,Store A
SHP002,P008,17,Store A
SHP003,P011,11,Store C
SHP004,P019,23,Store A
SHP005,P017,26,Store B
SHP006,P008,6,Store B
SHP007,P003,14,Store B
SHP008,P003,17,Store C
SHP009,P001,29,Store A
SHP010,P005,25,Store A
SHP011,P010,10,Store A
SHP012,P007,16,Store C
SHP013,P009,16,Store B
SHP014,P007,24,Store B
SHP015,P009,15,Store A
SHP016,P008,27,Store B
SHP017,P012,29,Store B
SHP018,P002,11,Store C
SHP019,P001,5,Store C
SHP020,P016,5,Store C
SHP021,P005,29,Store C
SHP022,P003,29,Store A
SHP023,P012,24,Store C
SHP024,P008,17,Store B
SHP025,P003,13,Store A
SHP026,P001,7,Store B
SHP027,P003,11,Store B
SHP028,P005,10,Store B
SHP029,P015,12,Store C
SHP030,P014,13,Store C
SHP031,P003,9,Store A
SHP032,P001,5,Store A
SHP033,P005,23,Store C
SHP034,P014,14,Store B
SHP035,P007,16,Store A
SHP036,P009,28,Store C
SHP037,P015,19,Store C
SHP038,P015,26,Store C
SHP039,P010,28,Store B
SHP040,P013,13,Store C
SHP041,P019,24,Store C
SHP042,P007,21,Store C
SHP043,P017,21,Store C
SHP044,P020,24,Store A
SHP045,P004,16,Store A
SHP046,P005,11,Store C
SHP047,P007,6,Store B
SHP048,P013,7,Store A
SHP049,P015,21,Store C
SHP050,P011,9,Store A
